district,average_household_income_change,relative_household_income_change,winners_share,losers_share,poverty_pct_change,child_poverty_pct_change,state,year
SC-01,203.97,0.002696,0.3992,0.2663,0.03,-0.0,SC,2026
SC-02,71.29,0.000966,0.3887,0.2671,0.32,0.19,SC,2026
SC-03,186.33,0.003212,0.3906,0.283,-0.0,0.0,SC,2026
SC-04,6.52,0.000248,0.3883,0.279,0.16,0.04,SC,2026
SC-05,5.48,3.1e-05,0.3748,0.276,0.02,-0.0,SC,2026
SC-06,74.51,0.001539,0.3883,0.2716,-0.19,0.0,SC,2026
SC-07,87.75,0.001145,0.3974,0.2767,0.43,0.0,SC,2026
