district,average_household_income_change,relative_household_income_change,winners_share,losers_share,poverty_pct_change,child_poverty_pct_change,state,year
SC-01,178.59,0.001281,0.3496,0.3294,0.0,0.0,SC,2026
SC-02,107.72,0.001046,0.3428,0.2849,-0.0,-0.66,SC,2026
SC-03,99.89,0.001172,0.3048,0.2726,0.05,0.0,SC,2026
SC-04,174.87,0.001759,0.3494,0.2765,0.11,0.0,SC,2026
SC-05,120.08,0.001308,0.3265,0.2811,0.0,0.0,SC,2026
SC-06,136.1,0.001429,0.2885,0.2374,0.03,0.01,SC,2026
SC-07,89.43,0.000999,0.2774,0.2735,-0.0,-0.0,SC,2026
