year,decile,average_change,relative_change
2026,1,-4.74,-0.000384
2026,2,-0.11,-3e-06
2026,3,37.75,0.000803
2026,4,60.35,0.000979
2026,5,92.32,0.001174
2026,6,118.15,0.001209
2026,7,39.51,0.000321
2026,8,-172.77,-0.001108
2026,9,-7.93,-3.7e-05
2026,10,841.41,0.000679
