year,decile,average_change,relative_change
2026,1,4.94,0.000824
2026,2,-7.49,-0.00032
2026,3,13.25,0.000338
2026,4,9.0,0.000174
2026,5,87.98,0.001349
2026,6,140.84,0.001767
2026,7,47.84,0.000485
2026,8,-73.78,-0.00057
2026,9,-189.64,-0.00109
2026,10,1427.43,0.002298
