year,bracket,beneficiaries,total_cost,avg_benefit
2026,$0 - $25k,20415.23828125,-808080.5,-39.58222198486328
2026,$25k - $50k,113853.984375,1861098.5,16.346363067626953
2026,$50k - $75k,194757.59375,8341063.5,42.82792282104492
2026,$75k - $100k,186978.421875,27825944.0,148.8190155029297
2026,$100k - $150k,302228.5625,10041020.0,33.2232666015625
2026,$150k - $200k,177147.15625,-31570298.0,-178.21510314941406
2026,$200k+,317070.3125,165064416.0,520.5924682617188
