year,bracket,beneficiaries,total_cost,avg_benefit
2026,$0 - $25k,18806.75,-1274576.25,-67.77227783203125
2026,$25k - $50k,113489.6015625,-3690867.0,-32.52163314819336
2026,$50k - $75k,219768.71875,16749068.0,76.21224975585938
2026,$75k - $100k,203559.4375,26345656.0,129.4248809814453
2026,$100k - $150k,224903.03125,3852168.75,17.128131866455078
2026,$150k - $200k,148432.328125,-31139232.0,-209.7873992919922
2026,$200k+,217539.125,236963600.0,1089.2918701171875
